{
    "fields": {
        "o": 22402,
        "c": 2578
    },
    "spans": {
        "o": 5046,
        "c": 3627
    },
    "size": {
        "o": 4.3,
        "c": 1.08
    },
    "time": {
        "o": 24.846780832999997,
        "c": 94.268542526
    }
}