{
    "fields": {
        "o": 33640,
        "c": 3841
    },
    "spans": {
        "o": 7574,
        "c": 5440
    },
    "size": {
        "o": 5.7,
        "c": 1.53
    },
    "time": {
        "o": 39.729339496999984,
        "c": 199.021874887
    }
}