{
    "fields": {
        "o": 44830,
        "c": 5101
    },
    "spans": {
        "o": 10098,
        "c": 7250
    },
    "size": {
        "o": 8.86,
        "c": 2.84
    },
    "time": {
        "o": 52.43247102800001,
        "c": 334.068821545
    }
}