{
    "fields": {
        "o": 56006,
        "c": 6358
    },
    "spans": {
        "o": 12620,
        "c": 9058
    },
    "size": {
        "o": 10.06,
        "c": 3.14
    },
    "time": {
        "o": 92.44838519199993,
        "c": 500.4357418740001
    }
}