{
    "fields": {
        "o": 67218,
        "c": 7618
    },
    "spans": {
        "o": 15149,
        "c": 10869
    },
    "size": {
        "o": 13.11,
        "c": 3.47
    },
    "time": {
        "o": 80.24988555899995,
        "c": 727.7288251299999
    }
}