{
    "fields": {
        "o": 78370,
        "c": 8869
    },
    "spans": {
        "o": 17673,
        "c": 12671
    },
    "size": {
        "o": 14.11,
        "c": 4.7
    },
    "time": {
        "o": 101.93926753699998,
        "c": 1172.6831982989997
    }
}