{
    "fields": {
        "o": 11122,
        "c": 1308
    },
    "spans": {
        "o": 2516,
        "c": 1808
    },
    "size": {
        "o": 1.63,
        "c": 0.42
    },
    "time": {
        "o": 12.216762786,
        "c": 24.811814443000003
    }
}